1,Zagreb,Sarejevo,Train,8:53:00,17:57:00,9:04:00,All,58.90 BAM,23.90,,0.00,94.40 BAM,38.30,,0.00,,0.00,,0.00,,0.00,,0.00,Dobrljin at 11:12 (Leaving at 11:27),http://www.zfbh.ba/zfbhenx/index.php?option=com_content&task=view&id=56&Itemid=90,http://www.zfbh.ba/zfbhenx/index.php?option=com_content&task=view&id=71&Itemid=140,?,,,N,N,,TRUE,TRUE,TRUE,TRUE,TRUE,TRUE,TRUE
2,Zagreb,Sarejevo,Train,21:24:00,6:15:00,8:51:00,All,58.90 BAM,23.90,,0.00,94.40 BAM,38.30,,0.00,,0.00,,0.00,,0.00,,0.00,Dobrljin at 23:44 (Leaving at 23:59),http://www.zfbh.ba/zfbhenx/index.php?option=com_content&task=view&id=56&Itemid=90,http://www.zfbh.ba/zfbhenx/index.php?option=com_content&task=view&id=71&Itemid=140,?,,,N,N,,TRUE,TRUE,TRUE,TRUE,TRUE,TRUE,TRUE
3,Zagreb,Sarejevo,Bus,12:30:00,20:55:00,8:25:00,All,50.00 BAM,20.29,,0.00,80.00 BAM,32.46,,0.00,,0.00,,0.00,,0.00,,0.00,?,http://www.centrolines.ba/loc/template.wbsp?wbf_p_id=2,http://www.centrolines.ba/loc/template.wbsp?wbf_p_id=2,Ilidza; Han plate; Kiseljak; Busovaca; Vitez; Travnik; Donji Vakuf; Jajce; Banja Luka; Laktasi; New Poplar; Bosanska Gradiska; DZ ˝,Ilidža; Han Ploča; Kiseljak; Brestovsko; Busovaća; Vitez; Travnik; Turbe; Donji Vakuf; Babino Selo; Torlakovac; Vinac; Jajce; Banja Luka; Laktaši; Nova Topola; Bosanska Gradiška; ďż˝,,N,N,,TRUE,TRUE,TRUE,TRUE,TRUE,TRUE,TRUE
4,Zagreb,Sarejevo,Bus,22:00:00,6:00:00,8:00:00,All,50.00 BAM,20.29,,0.00,80.00 BAM,32.46,,0.00,,0.00,,0.00,,0.00,,0.00,?,http://www.centrolines.ba/loc/template.wbsp?wbf_p_id=2,http://www.centrolines.ba/loc/template.wbsp?wbf_p_id=2,High; Kiseljak; Busovaca; Vitez; Travnik; Donji Vakuf; Jajce; Krupa on Vrbas in Banja Luka; Laktasi; New Poplar; Bosanska Gradiska; DZ ˝,Visoko; Kiseljak; Busovaća; Vitez; Travnik; Donji Vakuf; Jajce; Krupa na Vrbasu; Banja Luka; Laktaši; Nova Topola; Bosanska Gradiška; ďż˝,,N,N,,TRUE,TRUE,TRUE,TRUE,TRUE,TRUE,TRUE
5,Zagreb,Sarejevo,Bus,6:30:00,14:50:00,8:20:00,All,50.00 BAM,20.29,,0.00,80.00 BAM,32.46,,0.00,,0.00,,0.00,,0.00,,0.00,?,http://www.centrolines.ba/loc/template.wbsp?wbf_p_id=2,http://www.centrolines.ba/loc/template.wbsp?wbf_p_id=2,Ilidza; Han plate; Kiseljak; Busovaca; Vitez; Travnik; Donji Vakuf; Jajce; Banja Luka; Laktasi; New Poplar; Bosanska Gradiska; DZ ˝,Ilidža; Han Ploča; Kiseljak; Brestovsko; Busovaća; Vitez; Travnik; Turbe; Donji Vakuf; Babino Selo; Torlakovac; Vinac; Jajce; Banja Luka; Laktaši; Nova Topola; Bosanska Gradiška; ďż˝,,N,N,,TRUE,TRUE,TRUE,TRUE,TRUE,TRUE,TRUE
6,Sarejevo,Zagreb,Train,6:28:00,20:09:00,13:41:00,All,58.90 BAM,23.90,,0.00,94.40 BAM,38.30,,0.00,,0.00,,0.00,,0.00,,0.00,Dobrljin at 17:34 (Leaving at 17:50),http://www.zfbh.ba/zfbhenx/index.php?option=com_content&task=view&id=56&Itemid=90,http://www.zfbh.ba/zfbhenx/index.php?option=com_content&task=view&id=71&Itemid=140,,,,N,N,,TRUE,TRUE,TRUE,TRUE,TRUE,TRUE,TRUE
7,Sarejevo,Zagreb,Train,21:27:00,6:44:00,9:17:00,All,58.90 BAM,23.90,,0.00,94.40 BAM,38.30,,0.00,,0.00,,0.00,,0.00,,0.00,Dobrljin at 03:57 (Leaving at 04:19),http://www.zfbh.ba/zfbhenx/index.php?option=com_content&task=view&id=56&Itemid=90,http://www.zfbh.ba/zfbhenx/index.php?option=com_content&task=view&id=71&Itemid=140,,,,N,N,,TRUE,TRUE,TRUE,TRUE,TRUE,TRUE,TRUE
8,Sarejevo,Zagreb,Bus,12:30:00,20:55:00,8:25:00,All,50.00 BAM,20.29,,0.00,80.00 BAM,32.46,,0.00,,0.00,,0.00,,0.00,,0.00,?,http://www.centrolines.ba/loc/template.wbsp?wbf_p_id=2,http://www.centrolines.ba/loc/template.wbsp?wbf_p_id=2,Ilidza; Han plate; Kiseljak Brestovsko; Busovaca; Vitez; Travnik; Turbe; Lower Vakuf; Baba Village; Torlakovac; Vinac; Jajce; Podmilačje; Barevo; Black River; Bocac Bridge; Krupa on the Vrbas; Rekavice; Banja Luka; Laktaši New Poplar; Bosanska Gradiska; DZ ˝,Ilidža; Han Ploča; Kiseljak; Brestovsko; Busovaća; Vitez; Travnik; Turbe; Donji Vakuf; Babino Selo; Torlakovac; Vinac; Jajce; Banja Luka; Laktaši; Nova Topola; Bosanska Gradiška; ďż˝,,N,N,,TRUE,TRUE,TRUE,TRUE,TRUE,TRUE,TRUE
9,Sarejevo,Zagreb,Bus,22:00:00,6:00:00,8:00:00,All,50.00 BAM,20.29,,0.00,80.00 BAM,32.46,,0.00,,0.00,,0.00,,0.00,,0.00,?,http://www.centrolines.ba/loc/template.wbsp?wbf_p_id=2,http://www.centrolines.ba/loc/template.wbsp?wbf_p_id=2,High; Kiseljak; Busovaca; Vitez; Travnik; Donji Vakuf; Jajce; Krupa on Vrbas in Banja Luka; Laktasi; New Poplar; Bosanska Gradiska; DZ ˝,Visoko; Kiseljak; Busovaća; Vitez; Travnik; Donji Vakuf; Jajce; Krupa na Vrbasu; Banja Luka; Laktaši; Nova Topola; Bosanska Gradiška; ďż˝,,N,N,,TRUE,TRUE,TRUE,TRUE,TRUE,TRUE,TRUE
10,Sarejevo,Zagreb,Bus,6:30:00,14:50:00,8:20:00,All,50.00 BAM,20.29,,0.00,80.00 BAM,32.46,,0.00,,0.00,,0.00,,0.00,,0.00,?,http://www.centrolines.ba/loc/template.wbsp?wbf_p_id=2,http://www.centrolines.ba/loc/template.wbsp?wbf_p_id=2,Ilidza; Han plate; Kiseljak Brestovsko; Busovaca; Vitez; Travnik; Turbe; Lower Vakuf; Baba Village; Torlakovac; Vinac; Jajce; Podmilačje; Barevo; Black River; Bocac Bridge; Krupa on the Vrbas; Rekavice; Banja Luka; Laktaši New Poplar; Bosanska Gradiska; DZ ˝,Ilidža; Han Ploča; Kiseljak; Brestovsko; Busovaća; Vitez; Travnik; Turbe; Donji Vakuf; Babino Selo; Torlakovac; Vinac; Jajce; Banja Luka; Laktaši; Nova Topola; Bosanska Gradiška; ďż˝,,N,N,,TRUE,TRUE,TRUE,TRUE,TRUE,TRUE,TRUE
11,Sarejevo,Belgrade,Train,11:49:00,20:06:00,8:17:00,All,32.90 BAM,13.35,,0.00,60.60 BAM,24.59,,0.00,,0.00,,0.00,,0.00,,0.00,?,http://www.zfbh.ba/zfbhenx/index.php?option=com_content&task=view&id=56&Itemid=90,http://www.zfbh.ba/zfbhenx/index.php?option=com_content&task=view&id=71&Itemid=140,,,,N,N,,TRUE,TRUE,TRUE,TRUE,TRUE,TRUE,TRUE
12,Belgrade,Sarejevo,Train,8:05:00,17:28:00,9:23:00,All,32.90 BAM,13.35,,0.00,60.60 BAM,24.59,,0.00,,0.00,,0.00,,0.00,,0.00,?,http://www.zfbh.ba/zfbhenx/index.php?option=com_content&task=view&id=56&Itemid=90,http://www.zfbh.ba/zfbhenx/index.php?option=com_content&task=view&id=71&Itemid=140,,,451,N,N,,TRUE,TRUE,TRUE,TRUE,TRUE,TRUE,TRUE
13,Sarejevo,Budapest,Train,6:55:00,18:05:00,11:10:00,All,105.90 BAM,42.97,,0.00,109.30 BAM,44.35,,0.00,,0.00,,0.00,,0.00,,0.00,?,http://www.zfbh.ba/zfbhenx/index.php?option=com_content&task=view&id=56&Itemid=90,http://www.zfbh.ba/zfbhenx/index.php?option=com_content&task=view&id=71&Itemid=140,,,,N,N,,TRUE,TRUE,TRUE,TRUE,TRUE,TRUE,TRUE
14,Budapest,Sarejevo,Train,9:56:00,21:10:00,11:14:00,All,105.90 BAM,42.97,,0.00,109.30 BAM,44.35,,0.00,,0.00,,0.00,,0.00,,0.00,?,http://www.zfbh.ba/zfbhenx/index.php?option=com_content&task=view&id=56&Itemid=90,http://www.zfbh.ba/zfbhenx/index.php?option=com_content&task=view&id=71&Itemid=140,,,,N,N,,TRUE,TRUE,TRUE,TRUE,TRUE,TRUE,TRUE
15,Sarejevo,Ploče,Train,18:18:00,22:09:00,15:41:00,All,23.50 BAM,9.54,,0.00,37.50 BAM,15.22,,0.00,,0.00,,0.00,,0.00,,0.00,?,http://www.zfbh.ba/zfbhenx/index.php?option=com_content&task=view&id=56&Itemid=90,http://www.zfbh.ba/zfbhenx/index.php?option=com_content&task=view&id=71&Itemid=140,,,,N,N,,TRUE,TRUE,TRUE,TRUE,TRUE,TRUE,TRUE
16,Ploče,Sarejevo,Train,6:28:00,10:54:00,4:26:00,All,23.50 BAM,9.54,,0.00,37.50 BAM,15.22,,0.00,,0.00,,0.00,,0.00,,0.00,?,http://www.zfbh.ba/zfbhenx/index.php?option=com_content&task=view&id=56&Itemid=90,http://www.zfbh.ba/zfbhenx/index.php?option=com_content&task=view&id=71&Itemid=140,,,,N,N,,TRUE,TRUE,TRUE,TRUE,TRUE,TRUE,TRUE
17,Sarejevo,Ploče,Train,7:05:00,10:52:00,3:47:00,All,23.50 BAM,9.54,,0.00,37.50 BAM,15.22,,0.00,,0.00,,0.00,,0.00,,0.00,?,http://www.zfbh.ba/zfbhenx/index.php?option=com_content&task=view&id=56&Itemid=90,http://www.zfbh.ba/zfbhenx/index.php?option=com_content&task=view&id=71&Itemid=140,,,,N,N,,TRUE,TRUE,TRUE,TRUE,TRUE,TRUE,TRUE
18,Ploče,Sarejevo,Train,17:12:00,20:59:00,3:47:00,All,23.50 BAM,9.54,,0.00,37.50 BAM,15.22,,0.00,,0.00,,0.00,,0.00,,0.00,?,http://www.zfbh.ba/zfbhenx/index.php?option=com_content&task=view&id=56&Itemid=90,http://www.zfbh.ba/zfbhenx/index.php?option=com_content&task=view&id=71&Itemid=140,,,,N,N,,TRUE,TRUE,TRUE,TRUE,TRUE,TRUE,TRUE
19,Sarejevo,Belgrade,Bus,6:00:00,13:10:00,7:10:00,All,42.00 BAM,17.04,,0.00,72.00 BAM,29.22,,0.00,,0.00,,0.00,,0.00,,0.00,?,http://www.centrolines.ba/loc/template.wbsp?wbf_p_id=2,http://www.centrolines.ba/loc/template.wbsp?wbf_p_id=2,Semizovac; Medium; Nišići; Bakic; Lead; Kladanj; Luke; Tisca; N.Kasaba; AL Drinjaca; Karakaj; M.Zvornik; SAD FAIR; Loznica; nuts; Prnjavor; Petlovac; Sabac; Platicevo; Hrtkovci; ditches,Semizovac; Srednje; Nišići; Bakići; Olovo; Kladanj; Luke; Tišća; N.Kasaba; Konjevići; Drinjača ; Karakaj; M.Zvornik; Banja Koviljača; Loznica; Lešnica; Prnjavor; Petlovača; Šabac; Platičevo; Hrtkovci; Jarak,,N,N,,TRUE,TRUE,TRUE,TRUE,TRUE,TRUE,TRUE
20,Belgrade,Sarejevo,Bus,16:00:00,22:45:00,6:45:00,All,43.00 BAM,17.45,,0.00,73.50 BAM,29.82,,0.00,,0.00,,0.00,,0.00,,0.00,?,http://www.centrolines.ba/loc/template.wbsp?wbf_p_id=2,http://www.centrolines.ba/loc/template.wbsp?wbf_p_id=2,SAD FAIR; Loznica; nuts; Prnjavor; Petlovac; Sabac; Platicevo; Hrtkovci; ditches; Semizovac; Medium; Nišići; Bakic; Lead; Kladanj; Luke; Tisca; N.Kasaba; AL Drinjaca,Banja Koviljača; Loznica; Lešnica; Prnjavor; Petlovača; Šabac;Platičevo; Hrtkovci; Jarak ; Semizovac; Srednje; Nišići; Bakići; Olovo; Kladanj; Luke; Tišća; N.Kasaba; Konjevići; Drinjača,,N,N,,TRUE,TRUE,TRUE,TRUE,TRUE,TRUE,TRUE
21,Sarejevo,Podgorica,Bus,16:00:00,21:00:00,5:00:00,All,16.00 BAM,6.49,,0.00,22.50 BAM,9.13,,0.00,,0.00,,0.00,,0.00,,0.00,?,http://www.centrolines.ba/loc/template.wbsp?wbf_p_id=2,http://www.centrolines.ba/loc/template.wbsp?wbf_p_id=2,Ustiprača; diggers; Gorazde; Kozara Miljeno; Luke; Cajnice; Metaljka; Polyana; Kovac; Vratsa; Boljanici; Technical Secretariat; Srdjan grave,Ustiprača; Kopači; Goražde; Kozara; Miljeno; Luke; Čajniće; Metaljka; Poljana; Kovač; Vraca; Boljanići; Gotovuša; Srđanov grob,,N,N,,TRUE,TRUE,TRUE,TRUE,TRUE,TRUE,TRUE
22,Podgorica,Sarejevo,Bus,7:00:00,12:15:00,5:15:00,All,16.00 BAM,6.49,,0.00,22.50 BAM,9.13,,0.00,,0.00,,0.00,,0.00,,0.00,?,http://www.centrolines.ba/loc/template.wbsp?wbf_p_id=2,http://www.centrolines.ba/loc/template.wbsp?wbf_p_id=2,Lawns; Kovac; Vratsa; Boljanici; Technical Secretariat; Srdjan grave Ustiprača; diggers; Gorazde; Kozara Miljeno; Luke; Cajnice; Metaljka,Poljana; Kovač; Vraca; Boljanići; Gotovuša; Srđanov grob ; Ustiprača; Kopači; Goražde; Kozara; Miljeno; Luke; Čajniće; Metaljka,,N,N,,TRUE,TRUE,TRUE,TRUE,TRUE,TRUE,TRUE
23,Sarejevo,Dubrovnik,Bus,22:30:00,5:10:00,6:40:00,All (01/06-31/08),40.00 BAM,16.23,,0.00,60.00 BAM,24.35,,0.00,,0.00,,0.00,,0.00,,0.00,?,http://www.centrolines.ba/loc/template.wbsp?wbf_p_id=2,http://www.centrolines.ba/loc/template.wbsp?wbf_p_id=2,Ilidza; Hadzici; Pazarić Tarcin; Bradina; Konjic; Celebici; Ribnicka Most Ostrožac; Jablanica; Drežnica; Mostar; Buna R. Žitomisliæi; Počitelj Čapljina Metkovic GR; Neum; R. Ston; Salt; Trsteno; Great Zaton,Ilidža; Hadžići; Pazarić; Tarčin; Bradina; Konjic; Čelebići; Ribnički Most; Ostrožac; Jablanica; Drežnica; Mostar; Buna R.; Žitomislići; Počitelj; Čapljina; Metković GR; Neum; Ston R.; Slano; Trsteno; Veliki Zaton,,N,N,,TRUE,TRUE,TRUE,TRUE,TRUE,TRUE,TRUE
24,Sarejevo,Dubrovnik,Bus,14:30:00,21:00:00,6:30:00,All (01/06-31/08),40.00 BAM,16.23,,0.00,60.00 BAM,24.35,,0.00,,0.00,,0.00,,0.00,,0.00,?,http://www.centrolines.ba/loc/template.wbsp?wbf_p_id=2,http://www.centrolines.ba/loc/template.wbsp?wbf_p_id=2,Ilidza; Hadzici; Pazarić Tarcin; Bradina; Konjic; Celebici; Ribnicka Most Ostrožac; Jablanica; Drežnica; Mostar; Buna R. Žitomisliæi; Počitelj Čapljina Metkovic GR; Neum; R. Ston; Salt; Trsteno; Great Zaton,Ilidža; Hadžići; Pazarić; Tarčin; Bradina; Konjic; Čelebići; Ribnički Most; Ostrožac; Jablanica; Drežnica; Mostar; Buna R.; Žitomislići; Počitelj; Čapljina; Metković GR; Neum; Ston R.; Slano; Trsteno; Veliki Zaton,,N,N,,TRUE,TRUE,TRUE,TRUE,TRUE,TRUE,TRUE
25,Sarejevo,Dubrovnik,Bus,7:15:00,13:40:00,6:25:00,All,40.00 BAM,16.23,,0.00,60.00 BAM,24.35,,0.00,,0.00,,0.00,,0.00,,0.00,?,http://www.centrolines.ba/loc/template.wbsp?wbf_p_id=2,http://www.centrolines.ba/loc/template.wbsp?wbf_p_id=2,Ilidza; Hadzici; Pazarić Tarcin; Bradina; Konjic; Celebici; Ribnicka Most Ostrožac; Jablanica; Drežnica; Mostar; Buna R. Žitomisliæi; Počitelj Čapljina Metkovic GR; Neum; R. Ston; Salt; Trsteno; Great Zaton,Ilidža; Hadžići; Pazarić; Tarčin; Bradina; Konjic; Čelebići; Ribnički Most; Ostrožac; Jablanica; Drežnica; Mostar; Buna R.; Žitomislići; Počitelj; Čapljina; Metković GR; Neum GR; Ston R.; Slano; Trsteno; V.Zaton,,N,N,,TRUE,TRUE,TRUE,TRUE,TRUE,TRUE,TRUE
26,Dubrovnik,Sarejevo,Bus,22:30:00,5:00:00,6:30:00,All (01/06-31/08),40.00 BAM,16.23,,0.00,60.00 BAM,24.35,,0.00,,0.00,,0.00,,0.00,,0.00,?,http://www.centrolines.ba/loc/template.wbsp?wbf_p_id=2,http://www.centrolines.ba/loc/template.wbsp?wbf_p_id=2,Metkovic GR; Opuzen; Neum; R. Ston; Salt; Trsteno; Great Worcester; Ilidza; Hadzici; Pazarić Tarcin; Bradina; Konjic; Celebici; Ribnicka Most Ostrožac; Jablanica; Drežnica; Mostar; Buna R. Žitomisliæi; Pocitelj ; Capljina,Metković GR; Opuzen; Neum; Ston R.; Slano; Trsteno; Veliki Zaton; Ilidža; Hadžići; Pazarić; Tarčin; Bradina; Konjic; Čelebići; Ribnički Most; Ostrožac; Jablanica; Drežnica; Mostar; Buna R.; Žitomislići; Počitelj; Čapljina,,N,N,,TRUE,TRUE,TRUE,TRUE,TRUE,TRUE,TRUE
27,Dubrovnik,Sarejevo,Bus,13:00:00,19:15:00,6:15:00,All (01/06-31/08),40.00 BAM,16.23,,0.00,60.00 BAM,24.35,,0.00,,0.00,,0.00,,0.00,,0.00,?,http://www.centrolines.ba/loc/template.wbsp?wbf_p_id=2,http://www.centrolines.ba/loc/template.wbsp?wbf_p_id=2,Metkovic GR; Opuzen; Neum; R. Ston; Salt; Trsteno; Great Worcester; Ilidza; Hadzici; Pazarić Tarcin; Bradina; Konjic; Celebici; Ribnicka Most Ostrožac; Jablanica; Drežnica; Mostar; Buna R. Žitomisliæi; Pocitelj ; Capljina,Metković GR; Opuzen; Neum; Ston R.; Slano; Trsteno; Veliki Zaton; Ilidža; Hadžići; Pazarić; Tarčin; Bradina; Konjic; Čelebići; Ribnički Most; Ostrožac; Jablanica; Drežnica; Mostar; Buna R.; Žitomislići; Počitelj; Čapljina,,N,N,,TRUE,TRUE,TRUE,TRUE,TRUE,TRUE,TRUE
28,Dubrovnik,Sarejevo,Bus,8:00:00,14:45:00,6:45:00,All,40.00 BAM,16.23,,0.00,60.00 BAM,24.35,,0.00,,0.00,,0.00,,0.00,,0.00,?,http://www.centrolines.ba/loc/template.wbsp?wbf_p_id=2,http://www.centrolines.ba/loc/template.wbsp?wbf_p_id=2,Metkovic GR; GR Neum; Zaton Dolly GR; Ilidza; Hadzici; Pazarić Tarcin; Bradina; Konjic; Celebici; Ribnicka Most Ostrožac; Jablanica; Drežnica; Mostar; Buna R. Žitomisliæi; Počitelj Capljina,Metković GR; Neum GR; Zaton Doli GR; Ilidža; Hadžići; Pazarić; Tarčin; Bradina; Konjic; Čelebići; Ribnički Most; Ostrožac; Jablanica; Drežnica; Mostar; Buna R.; Žitomislići; Počitelj; Čapljina,,N,N,,TRUE,TRUE,TRUE,TRUE,TRUE,TRUE,TRUE
29,Sarejevo,Ljublijana,Bus,20:40:00,6:00:00,9:20:00,Mon;Wed;Fri,88.00 BAM,35.71,,0.00,141.00 BAM,57.21,,0.00,,0.00,,0.00,,0.00,,0.00,?,http://www.centrolines.ba/loc/template.wbsp?wbf_p_id=2,http://www.centrolines.ba/loc/template.wbsp?wbf_p_id=2,Ilidza; Kiseljak; Busovaca; Vitez; Travnik; Donji Vakuf; Jajce; Bocac Luka; Banja Luka;,Ilidža; Kiseljak; Busovača; Vitez; Travnik; Donji Vakuf; Jajce; Bočac Luka; Banja Luka;  ,,N,N,,TRUE,FALSE,TRUE,FALSE,TRUE,FALSE,FALSE
30,Ljublijana,Sarejevo,Bus,19:15:00,4:55:00,9:40:00,Mon;Wed;Fri,88.00 BAM,35.71,,0.00,141.00 BAM,57.21,,0.00,,0.00,,0.00,,0.00,,0.00,?,http://www.centrolines.ba/loc/template.wbsp?wbf_p_id=2,http://www.centrolines.ba/loc/template.wbsp?wbf_p_id=2,Obrežje SLO; Ilidza; Kiseljak; Busovaca; Vitez; Travnik; Donji Vakuf; Jajce; Bocac Bridge; Banja Luka,Obrežje SLO;; Ilidža; Kiseljak; Busovača; Vitez; Travnik; Donji Vakuf; Jajce; Bočac Most; Banja Luka,,N,N,,TRUE,FALSE,TRUE,FALSE,TRUE,FALSE,FALSE
31,Belgrade,Podgorica,Train,9:10:00,19:23:00,10:13:00,All,22.00 EUR,17.73,31.80 EUR,25.63,41.40 EUR,33.37,60.60 EUR,48.84,696.00 RSD,4.93,1740.00 RSD,12.32,2320.00 RSD,16.43,5220.00 RSD,36.97,?,http://w3.srbrail.rs/zsredvoznje/?lang=en,http://www.zeleznicesrbije.com/active/sr-latin/home/glavna_navigacija/putnicki_saobracaj/medjunarodni_saobracaj/cene_prevoza_v01.html,Belgrade; Rakovica; Lazarevac; Lajkovac; POŽEGAValjevo; Kosjeric; POŽEGA; ICE; Branešci; Priboj; Prijepolje; PRIJEPOLJE COMMERCIAL; Brodarevo,,431,N,N,,TRUE,TRUE,TRUE,TRUE,TRUE,TRUE,TRUE
32,Belgrade,Podgorica,Train,20:10:00,6:14:00,10:04:00,All,22.00 EUR,17.73,31.80 EUR,25.63,41.40 EUR,33.37,60.60 EUR,48.84,,0.00,,0.00,,0.00,,0.00,?,http://w3.srbrail.rs/zsredvoznje/?lang=en,http://www.zeleznicesrbije.com/active/sr-latin/home/glavna_navigacija/putnicki_saobracaj/medjunarodni_saobracaj/cene_prevoza_v01.html,Belgrade; Rakovica; Lazarevac; Lajkovac; POŽEGAValjevo; Kosjeric; POŽEGA; ICE; Branešci; Priboj; Prijepolje; PRIJEPOLJE COMMERCIAL; Brodarevo,,433,N,N,,TRUE,TRUE,TRUE,TRUE,TRUE,TRUE,TRUE
33,Belgrade,Podgorica,Train,21:10:00,7:40:00,10:30:00,All,22.00 EUR,17.73,31.80 EUR,25.63,41.40 EUR,33.37,60.60 EUR,48.84,696.00 RSD,4.93,1740.00 RSD,12.32,2320.00 RSD,16.43,5220.00 RSD,36.97,?,http://w3.srbrail.rs/zsredvoznje/?lang=en,http://www.zeleznicesrbije.com/active/sr-latin/home/glavna_navigacija/putnicki_saobracaj/medjunarodni_saobracaj/cene_prevoza_v01.html,Belgrade; Pozega; Ice; Prijepolje Commercial; White Field; Podgorica,,1343,N,N,,TRUE,TRUE,TRUE,TRUE,TRUE,TRUE,TRUE
34,Podgorica,Belgrade,Train,10:00:00,20:00:00,10:00:00,All,22.00 EUR,17.73,31.80 EUR,25.63,41.40 EUR,33.37,60.60 EUR,48.84,,0.00,,0.00,,0.00,,0.00,?,http://w3.srbrail.rs/zsredvoznje/?lang=en,http://www.zeleznicesrbije.com/active/sr-latin/home/glavna_navigacija/putnicki_saobracaj/medjunarodni_saobracaj/cene_prevoza_v01.html,Podgorica; Kolasin; Mojkovac; White Field; Vrbnica; Brodarevo; Prijepolje Commercial; Prijoj; Ice; Pozega; Kosjeric; Valjevo; Lajkovac; Lazarevac; Rakovica; Belgrade,,431,N,N,,TRUE,TRUE,TRUE,TRUE,TRUE,TRUE,TRUE
35,Podgorica,Belgrade,Train,20:05:00,5:53:00,9:48:00,All,22.00 EUR,17.73,31.80 EUR,25.63,41.40 EUR,33.37,60.60 EUR,48.84,,0.00,,0.00,,0.00,,0.00,?,http://w3.srbrail.rs/zsredvoznje/?lang=en,http://www.zeleznicesrbije.com/active/sr-latin/home/glavna_navigacija/putnicki_saobracaj/medjunarodni_saobracaj/cene_prevoza_v01.html,Podgorica; Kolasin; Mojkovac; White Field; Vrbnica; Brodarevo; Prijepolje Commercial; Prijoj; Ice; Pozega; Kosjeric; Valjevo; Lajkovac; Lazarevac; Rakovica; Belgrade,,433,N,N,,TRUE,TRUE,TRUE,TRUE,TRUE,TRUE,TRUE
36,Podgorica,Belgrade,Train,21:05:00,7:47:00,10:42:00,All,22.00 EUR,17.73,31.80 EUR,25.63,41.40 EUR,33.37,60.60 EUR,48.84,,0.00,,0.00,,0.00,,0.00,?,http://w3.srbrail.rs/zsredvoznje/?lang=en,http://www.zeleznicesrbije.com/active/sr-latin/home/glavna_navigacija/putnicki_saobracaj/medjunarodni_saobracaj/cene_prevoza_v01.html,Podgorica; White Field; Prijepolje Commercial; Ice; Pozega; Belgrade,,1343,N,N,,TRUE,TRUE,TRUE,TRUE,TRUE,TRUE,TRUE
37,Belgrade,Skopje,Train,7:50:00,17:47:00,9:57:00,All,25.00 EUR,20.15,,0.00,,0.00,,0.00,696.00 RSD,4.93,1392.00 RSD,9.86,2088.00 RSD,14.79,4640.00 RSD,32.87,?,http://w3.srbrail.rs/zsredvoznje/?lang=en,http://w3.srbrail.rs/zsredvoznje/?lang=en,Beograd; Rakovica; Mladenovac; Palanka; Velika Plana; Lapovo; Jagodina; Cuprija; Paracin; Stalac; Aleksinac; Nis; Doljevac; Leskovac; Grdelica; Predejane; Vladicin Han; Vranjska Banja; Vranje; Ristovac; Bujanovac; Presevo; Tabanovci; Kumanovo; Skopje,,337,Y,N,,TRUE,TRUE,TRUE,TRUE,TRUE,TRUE,TRUE
38,Belgrade,Skopje,Train,21:50:00,7:22:00,9:32:00,All,25.00 EUR,20.15,,0.00,,0.00,,0.00,696.00 RSD,4.93,1392.00 RSD,9.86,2088.00 RSD,14.79,4640.00 RSD,32.87,?,http://w3.srbrail.rs/zsredvoznje/?lang=en,http://w3.srbrail.rs/zsredvoznje/?lang=en,Beograd; Rakovica; Mladenovac; Palanka; Velika Plana; Lapovo; Jagodina; Cuprija; Paracin; Stalac; Aleksinac; Nis; Doljevac; Leskovac; Grdelica; Predejane; Vladicin Han; Vranjska Banja; Vranje; Ristovac; Bujanovac; Presevo; Tabanovci; Kumanovo; Skopje,,335,Y,N,,TRUE,TRUE,TRUE,TRUE,TRUE,TRUE,TRUE
39,Skopje,Belgrade,Train,7:50:00,17:47:00,9:57:00,All,25.00 EUR,20.15,,0.00,,0.00,,0.00,696.00 RSD,4.93,1392.00 RSD,9.86,2088.00 RSD,14.79,4640.00 RSD,32.87,?,http://w3.srbrail.rs/zsredvoznje/?lang=en,http://w3.srbrail.rs/zsredvoznje/?lang=en,Skopje; Kumanovo; Tabanovci; Presvo; Bujanovac; Ristovac; Vranje; Vranjska Banja; Vladicin Han; Predejane; Grdelica; Leskovac; Doljevac; Nis; Aleksinac; Stalac; Cicevac; Paracin; Cuprija; Jagodina; Lapovo; Velika Plana; Mala Krsna; Rakovica; Beograd,,336,Y,N,,TRUE,TRUE,TRUE,TRUE,TRUE,TRUE,TRUE
40,Skopje,Belgrade,Train,21:50:00,7:22:00,9:32:00,All,25.00 EUR,20.15,,0.00,,0.00,,0.00,696.00 RSD,4.93,1392.00 RSD,9.86,2088.00 RSD,14.79,4640.00 RSD,32.87,?,http://w3.srbrail.rs/zsredvoznje/?lang=en,http://w3.srbrail.rs/zsredvoznje/?lang=en,Skopje; Kumanovo; Tabanovci; Presvo; Bujanovac; Ristovac; Vranje; Leskovac; Nis; Stalac; Paracin; Cuprija; Jagodina; Lapovo; Velika Plana; Palanaka; Mladenovac; Rakovica; Beograd,,334,Y,N,,TRUE,TRUE,TRUE,TRUE,TRUE,TRUE,TRUE
41,Belgrade,Sofia,Train,7:50:00,17:47:00,9:57:00,All,20.00 EUR,16.12,,0.00,,0.00,,0.00,696.00 RSD,4.93,1160.00 RSD,8.22,1740.00 RSD,12.32,4060.00 RSD,28.76,?,http://w3.srbrail.rs/zsredvoznje/?lang=en,http://wikitravel.org/en/Belgrade,Beograd; Rakovica; Mladenovac; Palanka; Velika Plana; Lapovo; Jagodina; Cuprija; Paracin; Cicevac; Stalac; Aleksinac; Nis; Niska Banja; Bela Palanka; Pirot; Dimitrovgrad; Sofia,,491,Y,N,,TRUE,TRUE,TRUE,TRUE,TRUE,TRUE,TRUE
42,Belgrade,Sofia,Train,21:50:00,8:04:00,10:14:00,All,20.00 EUR,16.12,,0.00,,0.00,,0.00,696.00 RSD,4.93,1160.00 RSD,8.22,1740.00 RSD,12.32,4060.00 RSD,28.76,?,http://w3.srbrail.rs/zsredvoznje/?lang=en,http://wikitravel.org/en/Belgrade,Beograd; Rakovica; Mladenovac; Palanka; Velika Plana; Lapovo; Jagodina; Cuprija; Paracin; Stalac; Nis; Bela Palanka; Pirot; Dimitrovgrad; Sofia,,293,Y,N,,TRUE,TRUE,TRUE,TRUE,TRUE,TRUE,TRUE
43,Sofia,Belgrade,Train,11:55:00,19:47:00,7:52:00,All,20.00 EUR,16.12,,0.00,,0.00,,0.00,696.00 RSD,4.93,1160.00 RSD,8.22,1740.00 RSD,12.32,4060.00 RSD,28.76,?,http://w3.srbrail.rs/zsredvoznje/?lang=en,http://wikitravel.org/en/Belgrade,Sofia; Dimitrovgrad; Pirot; Bela Palanka; Niska Banja; Nis; Aleksinac; Stalac; Cicevac; Paracin; Cuprija; Jagodina; Lapovo; Velika Plana; Palanka; Mladenovac; Rakovica; Beograd,,,N,N,,TRUE,TRUE,TRUE,TRUE,TRUE,TRUE,TRUE
44,Sofia,Belgrade,Train,20:15:00,4:17:00,8:02:00,All,20.00 EUR,16.12,,0.00,,0.00,,0.00,696.00 RSD,4.93,1160.00 RSD,8.22,1740.00 RSD,12.32,4060.00 RSD,28.76,?,http://w3.srbrail.rs/zsredvoznje/?lang=en,http://wikitravel.org/en/Belgrade,Sofia; Dimitrovgrad; Pirot; Bela Palanka; Nis; Stalac; Paracin; Cuprija; Jagodina; Lapovo; Velika Plana; Mala Krsna; Rakovica; Beograd,,,N,N,,TRUE,TRUE,TRUE,TRUE,TRUE,TRUE,TRUE
45,Belgrade,Bucharest,Train,15:55:00,6:12:00,14:17:00,All,74.80 EUR,60.28,113.40 EUR,91.39,,0.00,,0.00,,0.00,,0.00,,0.00,,0.00,?,http://www.raileurope-world.com/spip.php?page=sales&re_domain=ptp&re_oper=prevtrains,http://www.raileurope-world.com/spip.php?page=sales&re_domain=ptp&re_oper=prevtrains,,,,Y,N,,TRUE,TRUE,TRUE,TRUE,TRUE,TRUE,TRUE
46,Bucharest,Belgrade,Train,20:45:00,8:45:00,12:00:00,All,74.80 EUR,60.28,113.40 EUR,91.39,,0.00,,0.00,,0.00,,0.00,,0.00,,0.00,?,http://www.raileurope-world.com/spip.php?page=sales&re_domain=ptp&re_oper=prevtrains,http://www.raileurope-world.com/spip.php?page=sales&re_domain=ptp&re_oper=prevtrains,,,,Y,N,,TRUE,TRUE,TRUE,TRUE,TRUE,TRUE,TRUE
47,Belgrade,Podgorica,Bus,20:00:00,5:00:00,9:00:00,All,20.00 EUR,16.12,,0.00,,0.00,,0.00,,0.00,,0.00,,0.00,,0.00,?,http://www.autobusni-kolodvor.com/en/timetable.aspx?linija=1953&pol=2&dol=8,Lonely Planet Forums,,,,Y,N,Blue Line - Herceg Novi,TRUE,TRUE,TRUE,TRUE,TRUE,TRUE,TRUE
48,Belgrade,Podgorica,Bus,21:20:00,7:25:00,10:05:00,All,20.00 EUR,16.12,,0.00,,0.00,,0.00,,0.00,,0.00,,0.00,,0.00,?,http://www.autobusni-kolodvor.com/en/timetable.aspx?linija=1953&pol=2&dol=8,Lonely Planet Forums,,,,Y,N,Bozur - Podgorica,TRUE,TRUE,TRUE,TRUE,TRUE,TRUE,TRUE
49,Belgrade,Podgorica,Bus,22:00:00,7:10:00,9:10:00,All,20.00 EUR,16.12,,0.00,,0.00,,0.00,,0.00,,0.00,,0.00,,0.00,?,http://www.autobusni-kolodvor.com/en/timetable.aspx?linija=1953&pol=2&dol=8,Lonely Planet Forums,,,,Y,N,Blue Line - Herceg Novi,TRUE,TRUE,TRUE,TRUE,TRUE,TRUE,TRUE
50,Belgrade,Podgorica,Bus,22:00:00,11:00:00,13:00:00,All,20.00 EUR,16.12,,0.00,,0.00,,0.00,,0.00,,0.00,,0.00,,0.00,?,http://www.autobusni-kolodvor.com/en/timetable.aspx?linija=1953&pol=2&dol=8,Lonely Planet Forums,,,,Y,N,Bozur - Podgorica,TRUE,TRUE,TRUE,TRUE,TRUE,TRUE,TRUE
51,Podgorica,Belgrade,Bus,4:45:00,16:15:00,11:30:00,All,20.00 EUR,16.12,,0.00,,0.00,,0.00,,0.00,,0.00,,0.00,,0.00,?,http://www.autobusni-kolodvor.com/en/timetable.aspx,Lonely Planet Forums,,,,Y,N,,TRUE,TRUE,TRUE,TRUE,TRUE,TRUE,TRUE
52,Podgorica,Belgrade,Bus,20:45:00,6:50:00,10:05:00,All,20.00 EUR,16.12,,0.00,,0.00,,0.00,,0.00,,0.00,,0.00,,0.00,?,http://www.autobusni-kolodvor.com/en/timetable.aspx,Lonely Planet Forums,,,,Y,N,,TRUE,TRUE,TRUE,TRUE,TRUE,TRUE,TRUE
53,Podgorica,Belgrade,Bus,22:45:00,7:50:00,9:05:00,All,20.00 EUR,16.12,,0.00,,0.00,,0.00,,0.00,,0.00,,0.00,,0.00,?,http://www.autobusni-kolodvor.com/en/timetable.aspx,Lonely Planet Forums,,,,Y,N,,TRUE,TRUE,TRUE,TRUE,TRUE,TRUE,TRUE
54,Podgorica,Belgrade,Bus,23:00:00,8:00:00,9:00:00,All,20.00 EUR,16.12,,0.00,,0.00,,0.00,,0.00,,0.00,,0.00,,0.00,?,http://www.autobusni-kolodvor.com/en/timetable.aspx,Lonely Planet Forums,,,,Y,N,,TRUE,TRUE,TRUE,TRUE,TRUE,TRUE,TRUE
55,Belgrade,Skopje,Bus,15:30:00,22:00:00,6:30:00,All,1350.00 MKD,17.90,,0.00,,0.00,,0.00,,0.00,,0.00,,0.00,,0.00,?,http://www.autobusni-kolodvor.com/en/timetable.aspx,http://sas.com.mk/index.php?option=com_wrapper&view=wrapper&Itemid=54,,,,Y,N,Fudeks - Beograd,TRUE,TRUE,TRUE,TRUE,TRUE,TRUE,TRUE
56,Belgrade,Skopje,Bus,17:30:00,23:15:00,5:45:00,All,1350.00 MKD,17.90,,0.00,,0.00,,0.00,,0.00,,0.00,,0.00,,0.00,?,http://www.autobusni-kolodvor.com/en/timetable.aspx,http://sas.com.mk/index.php?option=com_wrapper&view=wrapper&Itemid=54,,,,Y,N,BS Tours - Beograd,TRUE,TRUE,TRUE,TRUE,TRUE,TRUE,TRUE
57,Skopje,Belgrade,Bus,0:00:00,7:00:00,7:00:00,All,1360.00 MKD,18.04,1990.00 MKD,26.39,,0.00,,0.00,,0.00,,0.00,,0.00,,0.00,?,http://sas.com.mk/index.php?option=com_wrapper&view=wrapper&Itemid=54,http://sas.com.mk/index.php?option=com_wrapper&view=wrapper&Itemid=54,,,,N,Y,,TRUE,TRUE,TRUE,TRUE,TRUE,TRUE,TRUE
58,Skopje,Belgrade,Bus,2:00:00,9:00:00,7:00:00,All,1300.00 MKD,17.24,1900.00 MKD,25.20,,0.00,,0.00,,0.00,,0.00,,0.00,,0.00,?,http://sas.com.mk/index.php?option=com_wrapper&view=wrapper&Itemid=54,http://sas.com.mk/index.php?option=com_wrapper&view=wrapper&Itemid=54,,,,N,Y,,TRUE,TRUE,TRUE,TRUE,TRUE,TRUE,TRUE
59,Skopje,Belgrade,Bus,4:00:00,11:00:00,7:00:00,All,1400.00 MKD,18.57,2000.00 MKD,26.52,,0.00,,0.00,,0.00,,0.00,,0.00,,0.00,?,http://sas.com.mk/index.php?option=com_wrapper&view=wrapper&Itemid=54,http://sas.com.mk/index.php?option=com_wrapper&view=wrapper&Itemid=54,,,,N,Y,,TRUE,TRUE,TRUE,TRUE,TRUE,TRUE,TRUE
60,Skopje,Belgrade,Bus,5:10:00,12:30:00,7:20:00,All,1300.00 MKD,17.24,2100.00 MKD,27.85,,0.00,,0.00,,0.00,,0.00,,0.00,,0.00,?,http://www.nis-ekspres.rs/redvoznje.php?polazna_stanica=SKOPLJE&krajnja_stanica=BEOGRAD,http://sas.com.mk/index.php?option=com_wrapper&view=wrapper&Itemid=54,,,,N,N,,TRUE,TRUE,TRUE,TRUE,TRUE,TRUE,TRUE
61,Skopje,Belgrade,Bus,7:45:00,15:05:00,7:20:00,All,1300.00 MKD,17.24,2100.00 MKD,27.85,,0.00,,0.00,,0.00,,0.00,,0.00,,0.00,?,http://www.nis-ekspres.rs/redvoznje.php?polazna_stanica=SKOPLJE&krajnja_stanica=BEOGRAD,http://sas.com.mk/index.php?option=com_wrapper&view=wrapper&Itemid=54,,,,N,N,,TRUE,TRUE,TRUE,TRUE,TRUE,TRUE,TRUE
62,Skopje,Belgrade,Bus,9:25:00,17:45:00,8:20:00,All,1300.00 MKD,17.24,2100.00 MKD,27.85,,0.00,,0.00,,0.00,,0.00,,0.00,,0.00,?,http://www.nis-ekspres.rs/redvoznje.php?polazna_stanica=SKOPLJE&krajnja_stanica=BEOGRAD,http://sas.com.mk/index.php?option=com_wrapper&view=wrapper&Itemid=54,,,,N,N,,TRUE,TRUE,TRUE,TRUE,TRUE,TRUE,TRUE
63,Skopje,Belgrade,Bus,10:30:00,17:30:00,7:00:00,All,1400.00 MKD,18.57,,0.00,,0.00,,0.00,,0.00,,0.00,,0.00,,0.00,?,http://sas.com.mk/index.php?option=com_wrapper&view=wrapper&Itemid=54,http://sas.com.mk/index.php?option=com_wrapper&view=wrapper&Itemid=54,,,,N,Y,,TRUE,TRUE,TRUE,TRUE,TRUE,TRUE,TRUE
64,Skopje,Belgrade,Bus,13:10:00,20:30:00,7:20:00,All,1300.00 MKD,17.24,2100.00 MKD,27.85,,0.00,,0.00,,0.00,,0.00,,0.00,,0.00,?,http://www.nis-ekspres.rs/redvoznje.php?polazna_stanica=SKOPLJE&krajnja_stanica=BEOGRAD,http://sas.com.mk/index.php?option=com_wrapper&view=wrapper&Itemid=54,,,,N,N,,TRUE,TRUE,TRUE,TRUE,TRUE,TRUE,TRUE
65,Skopje,Belgrade,Bus,16:45:00,0:50:00,8:05:00,All,1300.00 MKD,17.24,2100.00 MKD,27.85,,0.00,,0.00,,0.00,,0.00,,0.00,,0.00,?,http://www.nis-ekspres.rs/redvoznje.php?polazna_stanica=SKOPLJE&krajnja_stanica=BEOGRAD,http://sas.com.mk/index.php?option=com_wrapper&view=wrapper&Itemid=54,,,,N,N,,TRUE,TRUE,TRUE,TRUE,TRUE,TRUE,TRUE
66,Skopje,Belgrade,Bus,20:30:00,3:50:00,7:20:00,All,1300.00 MKD,17.24,2100.00 MKD,27.85,,0.00,,0.00,,0.00,,0.00,,0.00,,0.00,?,http://www.nis-ekspres.rs/redvoznje.php?polazna_stanica=SKOPLJE&krajnja_stanica=BEOGRAD,http://sas.com.mk/index.php?option=com_wrapper&view=wrapper&Itemid=54,,,,N,N,,TRUE,TRUE,TRUE,TRUE,TRUE,TRUE,TRUE
67,Skopje,Belgrade,Bus,21:15:00,4:15:00,7:00:00,All,1420.00 MKD,18.83,2400.00 MKD,31.83,,0.00,,0.00,,0.00,,0.00,,0.00,,0.00,?,http://sas.com.mk/index.php?option=com_wrapper&view=wrapper&Itemid=54,http://sas.com.mk/index.php?option=com_wrapper&view=wrapper&Itemid=54,,,,N,Y,,TRUE,TRUE,TRUE,TRUE,TRUE,TRUE,TRUE
68,Skopje,Belgrade,Bus,21:30:00,4:30:00,7:00:00,All,1420.00 MKD,18.83,2400.00 MKD,31.83,,0.00,,0.00,,0.00,,0.00,,0.00,,0.00,?,http://sas.com.mk/index.php?option=com_wrapper&view=wrapper&Itemid=54,http://sas.com.mk/index.php?option=com_wrapper&view=wrapper&Itemid=54,,,,N,Y,,TRUE,TRUE,TRUE,TRUE,TRUE,TRUE,TRUE
69,Skopje,Belgrade,Bus,23:30:00,6:30:00,7:00:00,All,1400.00 MKD,18.57,2000.00 MKD,26.52,,0.00,,0.00,,0.00,,0.00,,0.00,,0.00,?,http://sas.com.mk/index.php?option=com_wrapper&view=wrapper&Itemid=54,http://sas.com.mk/index.php?option=com_wrapper&view=wrapper&Itemid=54,,,,N,Y,,TRUE,TRUE,TRUE,TRUE,TRUE,TRUE,TRUE
70,Belgrade,Sofia,Bus,0:45:00,10:00:00,9:15:00,All,15.00 EUR,12.09,,0.00,,0.00,,0.00,,0.00,,0.00,,0.00,,0.00,?,http://www.bas.rs/RedVoznje.aspx?lng=sc&idDrzave=61,http://www.tripadvisor.in/ShowTopic-g40509-i10067-k1746604-Sofia_to_Belgrade_by_bus_or_train-Belgrade_Maine.html,Belgrade; Sofia,,,Y,N,NIS Express,TRUE,TRUE,TRUE,TRUE,TRUE,TRUE,TRUE
71,Belgrade,Sofia,Bus,12:30:00,22:00:00,9:30:00,All,15.00 EUR,12.09,,0.00,,0.00,,0.00,,0.00,,0.00,,0.00,,0.00,?,http://www.bas.rs/RedVoznje.aspx?lng=sc&idDrzave=61,http://www.tripadvisor.in/ShowTopic-g40509-i10067-k1746604-Sofia_to_Belgrade_by_bus_or_train-Belgrade_Maine.html,Belgrade; Pirot AS; Dimitrovgrad AS; Sofia,,,Y,N,NIS Express,TRUE,TRUE,TRUE,TRUE,TRUE,TRUE,TRUE
72,Belgrade,Sofia,Bus,14:30:00,21:45:00,7:15:00,All,15.00 EUR,12.09,,0.00,,0.00,,0.00,,0.00,,0.00,,0.00,,0.00,?,http://www.bas.rs/RedVoznje.aspx?lng=sc&idDrzave=61,http://www.tripadvisor.in/ShowTopic-g40509-i10067-k1746604-Sofia_to_Belgrade_by_bus_or_train-Belgrade_Maine.html,Belgrade; Sofia,,,Y,N,Last + KARATS,TRUE,TRUE,TRUE,TRUE,TRUE,TRUE,TRUE
73,Belgrade,Bucharest,No direct bus,,,0:00:00,,,0.00,,0.00,,0.00,,0.00,,0.00,,0.00,,0.00,,0.00,?,,,,,,N,N,,FALSE,FALSE,FALSE,FALSE,FALSE,FALSE,FALSE
74,Bucharest,Belgrade,No direct bus,,,0:00:00,,,0.00,,0.00,,0.00,,0.00,,0.00,,0.00,,0.00,,0.00,?,,,,,,N,N,,FALSE,FALSE,FALSE,FALSE,FALSE,FALSE,FALSE
75,Belgrade,Tirana,No direct train,,,0:00:00,,,0.00,,0.00,,0.00,,0.00,,0.00,,0.00,,0.00,,0.00,?,,,,,,N,N,,FALSE,FALSE,FALSE,FALSE,FALSE,FALSE,FALSE
76,Belgrade,Tirana,No direct bus,,,0:00:00,,,0.00,,0.00,,0.00,,0.00,,0.00,,0.00,,0.00,,0.00,?,,,,,,N,N,,FALSE,FALSE,FALSE,FALSE,FALSE,FALSE,FALSE
77,Belgrade,Zagreb,Train,5:13:00,12:22:00,7:09:00,All,25.00 EUR,20.15,,0.00,,0.00,,0.00,,0.00,,0.00,,0.00,,0.00,?,http://w3.srbrail.rs/zsredvoznje/?lang=en,,,,,Y,N,,TRUE,TRUE,TRUE,TRUE,TRUE,TRUE,TRUE
78,Belgrade,Zagreb,Train,10:28:00,17:51:00,7:23:00,All,25.00 EUR,20.15,,0.00,,0.00,,0.00,,0.00,,0.00,,0.00,,0.00,?,http://w3.srbrail.rs/zsredvoznje/?lang=en,,,,,Y,N,,TRUE,TRUE,TRUE,TRUE,TRUE,TRUE,TRUE
79,Belgrade,Zagreb,Train,15:16:00,22:45:00,7:29:00,All,25.00 EUR,20.15,,0.00,,0.00,,0.00,,0.00,,0.00,,0.00,,0.00,?,http://w3.srbrail.rs/zsredvoznje/?lang=en,,,,,Y,N,,TRUE,TRUE,TRUE,TRUE,TRUE,TRUE,TRUE
80,Belgrade,Zagreb,Train,21:30:00,4:51:00,7:21:00,All,25.00 EUR,20.15,,0.00,,0.00,,0.00,1090.40 RSD,7.72,1856.00 RSD,13.15,2784.00 RSD,19.72,6032.00 RSD,42.73,?,http://w3.srbrail.rs/zsredvoznje/?lang=en,,,,,Y,N,,TRUE,TRUE,TRUE,TRUE,TRUE,TRUE,TRUE
81,Sarejevo,Podgorica,Bus,8:15:00,14:15:00,6:00:00,All,35.50 BAM,14.40,,0.00,,0.00,,0.00,,0.00,,0.00,,0.00,,0.00,?,http://www.lonelyplanet.com/thorntree/thread.jspa?threadID=2205154,http://www.lonelyplanet.com/thorntree/thread.jspa?threadID=2205154,,,,N,N,,TRUE,TRUE,TRUE,TRUE,TRUE,TRUE,TRUE
82,Sarejevo,Podgorica,Bus,9:00:00,15:00:00,6:00:00,All,35.50 BAM,14.40,,0.00,,0.00,,0.00,,0.00,,0.00,,0.00,,0.00,?,http://www.lonelyplanet.com/thorntree/thread.jspa?threadID=2205154,http://www.lonelyplanet.com/thorntree/thread.jspa?threadID=2205154,,,,N,N,,TRUE,TRUE,TRUE,TRUE,TRUE,TRUE,TRUE
83,Sarejevo,Podgorica,Bus,14:00:00,20:00:00,6:00:00,All,35.50 BAM,14.40,,0.00,,0.00,,0.00,,0.00,,0.00,,0.00,,0.00,?,http://www.lonelyplanet.com/thorntree/thread.jspa?threadID=2205154,http://www.lonelyplanet.com/thorntree/thread.jspa?threadID=2205154,,,,N,N,,TRUE,TRUE,TRUE,TRUE,TRUE,TRUE,TRUE
84,Sarejevo,Podgorica,Bus,20:00:00,2:00:00,6:00:00,All,35.50 BAM,14.40,,0.00,,0.00,,0.00,,0.00,,0.00,,0.00,,0.00,?,http://www.lonelyplanet.com/thorntree/thread.jspa?threadID=2205154,http://www.lonelyplanet.com/thorntree/thread.jspa?threadID=2205154,,,,N,N,,TRUE,TRUE,TRUE,TRUE,TRUE,TRUE,TRUE
85,Sarejevo,Priština,Bus,22:00:00,10:00:00,12:00:00,All,60.00 BAM,24.35,,0.00,,0.00,,0.00,,0.00,,0.00,,0.00,,0.00,?,http://sarajevo.co.ba/servisi/javni-transport/autobuska-stanica-sarajevo/kosovo/,http://sarajevo.co.ba/servisi/javni-transport/autobuska-stanica-sarajevo/kosovo/,,,,N,Y,,TRUE,TRUE,TRUE,TRUE,TRUE,TRUE,TRUE
86,Sarejevo,Skopje,Bus,18:30:00,,5:30:00,Tue; Fri,,0.00,,0.00,,0.00,,0.00,,0.00,,0.00,,0.00,,0.00,?,http://www.bhtourism.ba/loc/bybus.wbsp,,,,,N,N,,FALSE,TRUE,FALSE,FALSE,TRUE,FALSE,FALSE
87,Sarejevo,Skopje,Bus,13:10:00,,10:50:00,All,2130 MKD,28.25,,0.00,,0.00,,0.00,,0.00,,0.00,,0.00,,0.00,?,http://www.sas.com.mk/index.php?option=com_wrapper&view=wrapper&Itemid=54,http://www.sas.com.mk/index.php?option=com_wrapper&view=wrapper&Itemid=54,,,,N,N,,TRUE,TRUE,TRUE,TRUE,TRUE,TRUE,TRUE
88,Sarejevo,Skopje,Bus,20:00:00,,4:00:00,All,3160 MKD,41.91,5600 MKD,74.26,,0.00,,0.00,,0.00,,0.00,,0.00,,0.00,?,http://www.sas.com.mk/index.php?option=com_wrapper&view=wrapper&Itemid=54,http://www.sas.com.mk/index.php?option=com_wrapper&view=wrapper&Itemid=54,,,,N,N,,TRUE,TRUE,TRUE,TRUE,TRUE,TRUE,TRUE
89,Sarejevo,Skopje,Bus,20:30:00,,3:30:00,All,2130 MKD,28.25,,0.00,,0.00,,0.00,,0.00,,0.00,,0.00,,0.00,?,http://www.sas.com.mk/index.php?option=com_wrapper&view=wrapper&Itemid=54,http://www.sas.com.mk/index.php?option=com_wrapper&view=wrapper&Itemid=54,,,,N,N,,TRUE,TRUE,TRUE,TRUE,TRUE,TRUE,TRUE
90,Sarejevo,Bucharest,No direct Bus,,,0:00:00,,,0.00,,0.00,,0.00,,0.00,,0.00,,0.00,,0.00,,0.00,?,,,,,,N,N,,FALSE,FALSE,FALSE,FALSE,FALSE,FALSE,FALSE
91,Sarejevo,Bucharest,No direct Train,,,0:00:00,,,0.00,,0.00,,0.00,,0.00,,0.00,,0.00,,0.00,,0.00,?,,,,,,N,N,,FALSE,FALSE,FALSE,FALSE,FALSE,FALSE,FALSE
92,Sarejevo,Tirana,No direct Bus,,,0:00:00,,,0.00,,0.00,,0.00,,0.00,,0.00,,0.00,,0.00,,0.00,?,,,,,,N,N,,FALSE,FALSE,FALSE,FALSE,FALSE,FALSE,FALSE
93,Sarejevo,Tirana,No direct Train,,,0:00:00,,,0.00,,0.00,,0.00,,0.00,,0.00,,0.00,,0.00,,0.00,?,,,,,,N,N,,FALSE,FALSE,FALSE,FALSE,FALSE,FALSE,FALSE
94,Sarejevo,Sofia,No direct Bus,,,0:00:00,,,0.00,,0.00,,0.00,,0.00,,0.00,,0.00,,0.00,,0.00,?,,,,,,N,N,,FALSE,FALSE,FALSE,FALSE,FALSE,FALSE,FALSE
95,Sarejevo,Sofia,No direct Train,,,0:00:00,,,0.00,,0.00,,0.00,,0.00,,0.00,,0.00,,0.00,,0.00,?,,,,,,N,N,,FALSE,FALSE,FALSE,FALSE,FALSE,FALSE,FALSE
96,Sarejevo,Skopje,No direct Train,,,0:00:00,,,0.00,,0.00,,0.00,,0.00,,0.00,,0.00,,0.00,,0.00,?,,,,,,N,N,,FALSE,FALSE,FALSE,FALSE,FALSE,FALSE,FALSE
97,Sarejevo,Priština,No direct train,,,0:00:00,,,0.00,,0.00,,0.00,,0.00,,0.00,,0.00,,0.00,,0.00,?,,,,,,N,N,,FALSE,FALSE,FALSE,FALSE,FALSE,FALSE,FALSE
98,Sarejevo,Podgorica,No direct train,,,0:00:00,,,0.00,,0.00,,0.00,,0.00,,0.00,,0.00,,0.00,,0.00,?,,,,,,N,N,,FALSE,FALSE,FALSE,FALSE,FALSE,FALSE,FALSE
99,Sarejevo,Dubrovnik,No direct train - Ploče is nearest station (2 hours bus),,,0:00:00,,,0.00,,0.00,,0.00,,0.00,,0.00,,0.00,,0.00,,0.00,?,http://wikitravel.org/en/Dubrovnik,,,,,N,N,,FALSE,FALSE,FALSE,FALSE,FALSE,FALSE,FALSE
100,Dubrovnik,Sarejevo,No direct train - No train at Dubrovnik; have to go to Ploče first (2 hour bus),,,0:00:00,,,0.00,,0.00,,0.00,,0.00,,0.00,,0.00,,0.00,,0.00,?,http://wikitravel.org/en/Dubrovnik,,,,,N,N,,FALSE,FALSE,FALSE,FALSE,FALSE,FALSE,FALSE
101,Ljublijana,Zagreb,Train,8:15:00,10:35:00,2:20:00,All,29.20 EUR,23.53,39.40 EUR,31.75,,0.00,,0.00,,0.00,,0.00,,0.00,,0.00,?,http://www.raileurope-world.com/rail-products/best-train-trips/article/ljubljana-zagreb,http://www.raileurope-world.com/rail-products/best-train-trips/article/ljubljana-zagreb,,,,N,N,,TRUE,TRUE,TRUE,TRUE,TRUE,TRUE,TRUE
102,Ljublijana,Zagreb,Train,14:45:00,17:10:00,2:25:00,All,29.20 EUR,23.53,39.40 EUR,31.75,,0.00,,0.00,,0.00,,0.00,,0.00,,0.00,?,http://www.raileurope-world.com/rail-products/best-train-trips/article/ljubljana-zagreb,http://www.raileurope-world.com/rail-products/best-train-trips/article/ljubljana-zagreb,,,,N,N,,TRUE,TRUE,TRUE,TRUE,TRUE,TRUE,TRUE
103,Ljublijana,Zagreb,Train,17:15:00,19:37:00,2:22:00,All,29.20 EUR,23.53,39.40 EUR,31.75,,0.00,,0.00,,0.00,,0.00,,0.00,,0.00,?,http://www.raileurope-world.com/rail-products/best-train-trips/article/ljubljana-zagreb,http://www.raileurope-world.com/rail-products/best-train-trips/article/ljubljana-zagreb,,,,N,N,,TRUE,TRUE,TRUE,TRUE,TRUE,TRUE,TRUE
104,Ljublijana,Zagreb,Train,18:35:00,20:53:00,2:18:00,All,29.20 EUR,23.53,39.40 EUR,31.75,,0.00,,0.00,,0.00,,0.00,,0.00,,0.00,?,http://www.raileurope-world.com/rail-products/best-train-trips/article/ljubljana-zagreb,http://www.raileurope-world.com/rail-products/best-train-trips/article/ljubljana-zagreb,,,,N,N,,TRUE,TRUE,TRUE,TRUE,TRUE,TRUE,TRUE
105,Zagreb,Ljublijana,Train,5:00:00,7:21:00,2:21:00,All,20.20 EUR,16.28,30.40 EUR,24.50,,0.00,,0.00,,0.00,,0.00,,0.00,,0.00,?,http://www.raileurope-world.com/spip.php?page=sales&re_domain=ptp&re_oper=results,http://www.raileurope-world.com/spip.php?page=sales&re_domain=ptp&re_oper=results,,,,N,N,,TRUE,TRUE,TRUE,TRUE,TRUE,TRUE,TRUE
106,Zagreb,Ljublijana,Train,6:50:00,9:09:00,2:19:00,All,20.20 EUR,16.28,30.40 EUR,24.50,,0.00,,0.00,,0.00,,0.00,,0.00,,0.00,?,http://www.raileurope-world.com/spip.php?page=sales&re_domain=ptp&re_oper=results,http://www.raileurope-world.com/spip.php?page=sales&re_domain=ptp&re_oper=results,,,,N,N,,TRUE,TRUE,TRUE,TRUE,TRUE,TRUE,TRUE
107,Zagreb,Ljublijana,Train,9:00:00,11:21:00,2:21:00,All,20.20 EUR,16.28,30.40 EUR,24.50,,0.00,,0.00,,0.00,,0.00,,0.00,,0.00,?,http://www.raileurope-world.com/spip.php?page=sales&re_domain=ptp&re_oper=results,http://www.raileurope-world.com/spip.php?page=sales&re_domain=ptp&re_oper=results,,,,N,N,,TRUE,TRUE,TRUE,TRUE,TRUE,TRUE,TRUE
108,Zagreb,Ljublijana,Train,12:30:00,14:50:00,2:20:00,All,20.20 EUR,16.28,30.40 EUR,24.50,,0.00,,0.00,,0.00,,0.00,,0.00,,0.00,?,http://www.raileurope-world.com/spip.php?page=sales&re_domain=ptp&re_oper=results,http://www.raileurope-world.com/spip.php?page=sales&re_domain=ptp&re_oper=results,,,,N,N,,TRUE,TRUE,TRUE,TRUE,TRUE,TRUE,TRUE
109,Zagreb,Ljublijana,Train,18:14:00,20:41:00,2:27:00,All,20.20 EUR,16.28,30.40 EUR,24.50,,0.00,,0.00,,0.00,,0.00,,0.00,,0.00,?,http://www.raileurope-world.com/spip.php?page=sales&re_domain=ptp&re_oper=results,http://www.raileurope-world.com/spip.php?page=sales&re_domain=ptp&re_oper=results,,,,N,N,,TRUE,TRUE,TRUE,TRUE,TRUE,TRUE,TRUE
110,Zagreb,Ljublijana,Train,21:15:00,23:33:00,2:18:00,All,20.20 EUR,16.28,30.40 EUR,24.50,,0.00,,0.00,,0.00,,0.00,,0.00,,0.00,?,http://www.raileurope-world.com/spip.php?page=sales&re_domain=ptp&re_oper=results,http://www.raileurope-world.com/spip.php?page=sales&re_domain=ptp&re_oper=results,,,,N,N,,TRUE,TRUE,TRUE,TRUE,TRUE,TRUE,TRUE
111,Ljublijana,Zagreb,Train,21:15:00,23:36:00,2:21:00,All,29.20 EUR,23.53,39.40 EUR,31.75,,0.00,,0.00,,0.00,,0.00,,0.00,,0.00,?,http://www.raileurope-world.com/spip.php?page=sales&re_domain=ptp&re_oper=results,http://www.raileurope-world.com/spip.php?page=sales&re_domain=ptp&re_oper=results,,,,N,N,,TRUE,TRUE,TRUE,TRUE,TRUE,TRUE,TRUE
112,Podgorica,Zagreb,No direct train,,,0:00:00,,,0.00,,0.00,,0.00,,0.00,,0.00,,0.00,,0.00,,0.00,?,http://www.tripadvisor.co.uk/ShowTopic-g294454-i3821-k2996597-Trip_from_Zagreb_to_Montenegro-Zagreb.html,,,,,N,N,,FALSE,FALSE,FALSE,FALSE,FALSE,FALSE,FALSE
113,Podgorica,Zagreb,No direct bus,,,0:00:00,,,0.00,,0.00,,0.00,,0.00,,0.00,,0.00,,0.00,,0.00,?,http://www.tripadvisor.co.uk/ShowTopic-g294454-i3821-k2996597-Trip_from_Zagreb_to_Montenegro-Zagreb.html,,,,,N,N,,FALSE,FALSE,FALSE,FALSE,FALSE,FALSE,FALSE
114,Podgorica,Priština,No direct train,,,0:00:00,,,0.00,,0.00,,0.00,,0.00,,0.00,,0.00,,0.00,,0.00,?,http://wikitravel.org/en/Podgorica,,,,,N,N,,FALSE,FALSE,FALSE,FALSE,FALSE,FALSE,FALSE
115,Podgorica,Tirana,No direct train,,,0:00:00,,,0.00,,0.00,,0.00,,0.00,,0.00,,0.00,,0.00,,0.00,?,http://wikitravel.org/en/Podgorica,,,,,N,N,,FALSE,FALSE,FALSE,FALSE,FALSE,FALSE,FALSE
116,Podgorica,Bucharest,No direct train,,,0:00:00,,,0.00,,0.00,,0.00,,0.00,,0.00,,0.00,,0.00,,0.00,?,http://wikitravel.org/en/Podgorica,,,,,N,N,,FALSE,FALSE,FALSE,FALSE,FALSE,FALSE,FALSE
117,Podgorica,Sofia,No direct train,,,0:00:00,,,0.00,,0.00,,0.00,,0.00,,0.00,,0.00,,0.00,,0.00,?,http://wikitravel.org/en/Podgorica,,,,,N,N,,FALSE,FALSE,FALSE,FALSE,FALSE,FALSE,FALSE
118,Podgorica,Skopje,No direct train,,,0:00:00,,,0.00,,0.00,,0.00,,0.00,,0.00,,0.00,,0.00,,0.00,?,http://wikitravel.org/en/Podgorica,,,,,N,N,,FALSE,FALSE,FALSE,FALSE,FALSE,FALSE,FALSE
119,Podgorica,Dubrovnik,Bus,6:00:00,10:45:00,4:45:00,All,15.00 EUR,12.09,,0.00,,0.00,,0.00,,0.00,,0.00,,0.00,,0.00,?,http://www.bozur.net/red_vonje.html,Own Estimate,,,,Y,N,Bozur,TRUE,TRUE,TRUE,TRUE,TRUE,TRUE,TRUE
120,Dubrovnik,Podgorica,Bus,19:00:00,24:00:00,5:00:00,All,15.00 EUR,12.09,,0.00,,0.00,,0.00,,0.00,,0.00,,0.00,,0.00,?,http://www.bozur.net/red_vonje.html,Own Estimate,,,,Y,N,Bozur,TRUE,TRUE,TRUE,TRUE,TRUE,TRUE,TRUE
121,Podgorica,Priština,Bus,21:00:00,3:00:00,6:00:00,All,16.00 EUR,12.89,,0.00,,0.00,,0.00,,0.00,,0.00,,0.00,,0.00,?,http://wikitravel.org/en/Pristina,http://wikitravel.org/en/Pristina,,,,Y,Y,,TRUE,TRUE,TRUE,TRUE,TRUE,TRUE,TRUE
122,Podgorica,Priština,Bus,22:00:00,4:00:00,6:00:00,All,16.00 EUR,12.89,,0.00,,0.00,,0.00,,0.00,,0.00,,0.00,,0.00,?,http://wikitravel.org/en/Pristina,http://wikitravel.org/en/Pristina,,,,Y,Y,,TRUE,TRUE,TRUE,TRUE,TRUE,TRUE,TRUE
123,Podgorica,Tirana,No direct bus,,,0:00:00,,,0.00,,0.00,,0.00,,0.00,,0.00,,0.00,,0.00,,0.00,?,,,,,,N,N,,FALSE,FALSE,FALSE,FALSE,FALSE,FALSE,FALSE
124,Podgorica,Bucharest,No direct bus,,,0:00:00,,,0.00,,0.00,,0.00,,0.00,,0.00,,0.00,,0.00,,0.00,?,,,,,,N,N,,FALSE,FALSE,FALSE,FALSE,FALSE,FALSE,FALSE
125,Podgorica,Sofia,No direct bus,,,0:00:00,,,0.00,,0.00,,0.00,,0.00,,0.00,,0.00,,0.00,,0.00,?,,,,,,N,N,,FALSE,FALSE,FALSE,FALSE,FALSE,FALSE,FALSE
126,Priština,Podgorica,Bus,17:45:00,23:45:00,6:00:00,All,20.00 EUR,16.12,,0.00,,0.00,,0.00,,0.00,,0.00,,0.00,,0.00,?,http://forum.virtualtourist.com/discussion-595380-1-1-Travel-0-0-Pristina-discussion.html,Own Estimate,,,,Y,Y,,TRUE,TRUE,TRUE,TRUE,TRUE,TRUE,TRUE
127,Priština,Podgorica,Bus,19:00:00,1:00:00,6:00:00,All,20.00 EUR,16.12,,0.00,,0.00,,0.00,,0.00,,0.00,,0.00,,0.00,?,http://forum.virtualtourist.com/discussion-595380-1-1-Travel-0-0-Pristina-discussion.html,Own Estimate,,,,Y,Y,,TRUE,TRUE,TRUE,TRUE,TRUE,TRUE,TRUE
128,Podgorica,Skopje,Bus,20:05:00,7:00:00,10:55:00,All,25.00 EUR,20.15,,0.00,,0.00,,0.00,,0.00,,0.00,,0.00,,0.00,?,http://www.bozur.net/red_vonje.html,Own Estimate,,,,Y,N,Bozur,TRUE,TRUE,TRUE,TRUE,TRUE,TRUE,TRUE
129,Skopje,Podgorica,Bus,6:00:00,20:00:00,14:00:00,All,25.00 EUR,20.15,,0.00,,0.00,,0.00,,0.00,,0.00,,0.00,,0.00,?,http://www.bozur.net/red_vonje.html,Own Estimate,,,,Y,N,Bozur,TRUE,TRUE,TRUE,TRUE,TRUE,TRUE,TRUE
130,Podgorica,Belgrade,Bus,0:30:00,10:30:00,10:00:00,All,20.00 EUR,16.12,,0.00,,0.00,,0.00,,0.00,,0.00,,0.00,,0.00,?,http://www.bozur.net/red_vonje.html,Own Estimate based on similiar bus services,,,,Y,N,Bozur,TRUE,TRUE,TRUE,TRUE,TRUE,TRUE,TRUE
131,Belgrade,Podgorica,Bus,18:15:00,4:15:00,10:00:00,All,20.00 EUR,16.12,,0.00,,0.00,,0.00,,0.00,,0.00,,0.00,,0.00,?,http://www.bozur.net/red_vonje.html,Own Estimate based on similiar bus services,,,,Y,N,Bozur,TRUE,TRUE,TRUE,TRUE,TRUE,TRUE,TRUE
132,Zagreb,Bucharest,Train (Indirect),6:02:00,6:01:55,23:59:55,All,,0.00,,0.00,,0.00,,0.00,,0.00,,0.00,,0.00,,0.00,?,http://www.romaniatourism.com/Schedule-of-trains-to-Romania.html#croatia,,Zagreb; Tovanik; Beograd; (transfer to D361 / 3:32 h); Stamora Moravita; Timisoara; Lugoj; caransebes; Baile Herculane; Orsova; Drobeta Turnu Severin; Craiova; Bucharest,,D360,N,N,,TRUE,TRUE,TRUE,TRUE,TRUE,TRUE,TRUE
133,Zagreb,Bucharest,Train (Indirect),16:20:00,15:38:00,23:18:00,Not Daily?,,0.00,,0.00,,0.00,,0.00,,0.00,,0.00,,0.00,,0.00,?,http://www.romaniatourism.com/Schedule-of-trains-to-Romania.html#croatia,,Zagreb; Budapest-Kelti (transfer to D347 / 23 min.); Szolnok; Curtici; Arad; Deva; Simeria; Alba Iulia; Medias; Sighisoara; Brasov; Bucharest,,IC201 ,N,N,,FALSE,FALSE,FALSE,FALSE,FALSE,FALSE,FALSE
134,Bucharest,Zagreb,Train (Indirect),20:45:00,17:49:00,21:04:00,All,,0.00,,0.00,,0.00,,0.00,,0.00,,0.00,,0.00,,0.00,?,http://www.romaniatourism.com/Schedule-of-trains-to-Romania.html#croatia,,Bucharest; Craiova; Timisoara; Begrade (transfer to D414); Zagreb,,D360 ,N,N,,TRUE,TRUE,TRUE,TRUE,TRUE,TRUE,TRUE
135,Bucharest,Zagreb,Train (Indirect),23:45:00,23:23:00,23:38:00,All,,0.00,,0.00,,0.00,,0.00,,0.00,,0.00,,0.00,,0.00,?,http://www.romaniatourism.com/Schedule-of-trains-to-Romania.html#croatia,,Bucharest; Simeria (transfer to IC372); Arad; Szolnok; Budapest-Keleti (transfer to EN440); Zagreb,,E1821 ,N,N,,TRUE,TRUE,TRUE,TRUE,TRUE,TRUE,TRUE
136,Bucharest,Zagreb,Train (Indirect),14:15:00,13:17:00,23:02:00,All,,0.00,,0.00,,0.00,,0.00,,0.00,,0.00,,0.00,,0.00,?,http://www.romaniatourism.com/Schedule-of-trains-to-Romania.html#croatia,,Bucharest; Brasov; Sighisoara; Arad; Budapest-Keleti (transfer to IC200); Zagreb,,D346 ,N,N,,TRUE,TRUE,TRUE,TRUE,TRUE,TRUE,TRUE
137,Zagreb,Bucharest,No direct Buses,,,0:00:00,,,0.00,,0.00,,0.00,,0.00,,0.00,,0.00,,0.00,,0.00,?,,,,,,N,N,,FALSE,FALSE,FALSE,FALSE,FALSE,FALSE,FALSE
138,Bucharest,Zagreb,No direct Buses,,,0:00:00,,,0.00,,0.00,,0.00,,0.00,,0.00,,0.00,,0.00,,0.00,?,,,,,,N,N,,FALSE,FALSE,FALSE,FALSE,FALSE,FALSE,FALSE
139,Bucharest,Dubrovnik,No direct trains,,,0:00:00,,,0.00,,0.00,,0.00,,0.00,,0.00,,0.00,,0.00,,0.00,?,,,,,,N,N,,FALSE,FALSE,FALSE,FALSE,FALSE,FALSE,FALSE
140,Dubrovnik,Bucharest,No direct trains,,,0:00:00,,,0.00,,0.00,,0.00,,0.00,,0.00,,0.00,,0.00,,0.00,?,,,,,,N,N,,FALSE,FALSE,FALSE,FALSE,FALSE,FALSE,FALSE
141,Dubrovnik,Bucharest,No direct buses,,,0:00:00,,,0.00,,0.00,,0.00,,0.00,,0.00,,0.00,,0.00,,0.00,?,,,,,,N,N,,FALSE,FALSE,FALSE,FALSE,FALSE,FALSE,FALSE
142,Bucharest,Dubrovnik,No direct buses,,,0:00:00,,,0.00,,0.00,,0.00,,0.00,,0.00,,0.00,,0.00,,0.00,?,,,,,,N,N,,FALSE,FALSE,FALSE,FALSE,FALSE,FALSE,FALSE
143,Bucharest,Belgrade,Train,20:45:00,8:51:00,12:06:00,All,,0.00,,0.00,,0.00,,0.00,,0.00,,0.00,,0.00,,0.00,?,http://www.romaniatourism.com/Schedule-of-trains-to-Romania.html#croatia,,Bucharest; Craiova; Timisoara; Stamora Moravita; Beograd,,D360 ,N,N,,TRUE,TRUE,TRUE,TRUE,TRUE,TRUE,TRUE
144,Belgrade,Bucharest,Train,15:50:00,6:07:00,14:17:00,All,,0.00,,0.00,,0.00,,0.00,,0.00,,0.00,,0.00,,0.00,?,http://www.romaniatourism.com/Schedule-of-trains-to-Romania.html#croatia,,Belgrade; Vrsac; Stamora Moravita; Timisoara Nord; Lugoj; Caransebes; Baile Herculane; Orsova; Drobeta Turnu Severin; Craiova; Bucharest,,D361 ,N,N,,TRUE,TRUE,TRUE,TRUE,TRUE,TRUE,TRUE
145,Belgrade,Bucharest,Train (Indirect),21:15:00,18:39:00,21:24:00,All,,0.00,,0.00,,0.00,,0.00,,0.00,,0.00,,0.00,,0.00,?,http://www.romaniatourism.com/Schedule-of-trains-to-Romania.html#croatia,,Belgrade (Beograd); Lapova; Jagodina; Sofia (transfer to D460 / 1h 38 min.); Ruse; Giurgiu; Bucharest,,D293 ,N,N,,TRUE,TRUE,TRUE,TRUE,TRUE,TRUE,TRUE
146,Bucharest,Tirana,No direct train,,,0:00:00,,,0.00,,0.00,,0.00,,0.00,,0.00,,0.00,,0.00,,0.00,?,,,,,,N,N,,FALSE,FALSE,FALSE,FALSE,FALSE,FALSE,FALSE
147,Tirana,Bucharest,No direct train,,,0:00:00,,,0.00,,0.00,,0.00,,0.00,,0.00,,0.00,,0.00,,0.00,?,,,,,,N,N,,FALSE,FALSE,FALSE,FALSE,FALSE,FALSE,FALSE
148,Bucharest,Tirana,No direct bus,,,0:00:00,,,0.00,,0.00,,0.00,,0.00,,0.00,,0.00,,0.00,,0.00,?,,,,,,N,N,,FALSE,FALSE,FALSE,FALSE,FALSE,FALSE,FALSE
149,Tirana,Bucharest,No direct bus,,,0:00:00,,,0.00,,0.00,,0.00,,0.00,,0.00,,0.00,,0.00,,0.00,?,,,,,,N,N,,FALSE,FALSE,FALSE,FALSE,FALSE,FALSE,FALSE
150,Bucharest,Podgorica,No direct train,,,0:00:00,,,0.00,,0.00,,0.00,,0.00,,0.00,,0.00,,0.00,,0.00,?,,,,,,N,N,,FALSE,FALSE,FALSE,FALSE,FALSE,FALSE,FALSE
151,Podgorica,Bucharest,No direct train,,,0:00:00,,,0.00,,0.00,,0.00,,0.00,,0.00,,0.00,,0.00,,0.00,?,,,,,,N,N,,FALSE,FALSE,FALSE,FALSE,FALSE,FALSE,FALSE
152,Skopje,Bucharest,No direct train,,,0:00:00,,,0.00,,0.00,,0.00,,0.00,,0.00,,0.00,,0.00,,0.00,?,,,,,,N,N,,FALSE,FALSE,FALSE,FALSE,FALSE,FALSE,FALSE
153,Bucharest,Skopje,No direct train,,,0:00:00,,,0.00,,0.00,,0.00,,0.00,,0.00,,0.00,,0.00,,0.00,?,,,,,,N,N,,FALSE,FALSE,FALSE,FALSE,FALSE,FALSE,FALSE
154,Bucharest,Sofia,Train,12:13:00,21:30:00,9:17:00,All,,0.00,,0.00,,0.00,,0.00,,0.00,,0.00,,0.00,,0.00,?,http://www.romaniatourism.com/Schedule-of-trains-from-Romania.html#moldova,,Bucharest; Giurgiu; Ruse; Sofia,,461,N,N,,TRUE,TRUE,TRUE,TRUE,TRUE,TRUE,TRUE
155,Bucharest,Sofia,Train,19:53:00,5:50:00,9:57:00,All,,0.00,,0.00,,0.00,,0.00,,0.00,,0.00,,0.00,,0.00,?,http://www.romaniatourism.com/Schedule-of-trains-from-Romania.html#moldova,,Bucharest; Giurgiu; Ruse; Sofia,,D383,N,N,,TRUE,TRUE,TRUE,TRUE,TRUE,TRUE,TRUE
156,Sofia,Bucharest,Train,9:10:00,18:39:00,9:29:00,All,,0.00,,0.00,,0.00,,0.00,,0.00,,0.00,,0.00,,0.00,?,http://www.romaniatourism.com/Schedule-of-trains-to-Romania.html#croatia,,Sofia; Ruse; Giurgiu; Bucharest,,D460 ,N,N,,TRUE,TRUE,TRUE,TRUE,TRUE,TRUE,TRUE
157,Sofia,Bucharest,Train,20:40:00,6:34:00,9:54:00,All,,0.00,,0.00,,0.00,,0.00,,0.00,,0.00,,0.00,,0.00,?,http://www.romaniatourism.com/Schedule-of-trains-to-Romania.html#croatia,,Sofia; Ruse; Giurgiu; Bucharest,,D382 ,N,N,,TRUE,TRUE,TRUE,TRUE,TRUE,TRUE,TRUE
158,Bucharest,Priština,No direct train,,,0:00:00,,,0.00,,0.00,,0.00,,0.00,,0.00,,0.00,,0.00,,0.00,?,,,,,,N,N,,FALSE,FALSE,FALSE,FALSE,FALSE,FALSE,FALSE
159,Bucharest,Sarejevo,No direct train,,,0:00:00,,,0.00,,0.00,,0.00,,0.00,,0.00,,0.00,,0.00,,0.00,?,,,,,,N,N,,FALSE,FALSE,FALSE,FALSE,FALSE,FALSE,FALSE
160,Priština,Bucharest,No direct train,,,0:00:00,,,0.00,,0.00,,0.00,,0.00,,0.00,,0.00,,0.00,,0.00,?,,,,,,N,N,,FALSE,FALSE,FALSE,FALSE,FALSE,FALSE,FALSE
161,Sarejevo,Bucharest,No direct train,,,0:00:00,,,0.00,,0.00,,0.00,,0.00,,0.00,,0.00,,0.00,,0.00,?,,,,,,N,N,,FALSE,FALSE,FALSE,FALSE,FALSE,FALSE,FALSE
162,Skopje,Sofia,No direct train,,,0:00:00,,,0.00,,0.00,,0.00,,0.00,,0.00,,0.00,,0.00,,0.00,?,,,,,,N,N,,FALSE,FALSE,FALSE,FALSE,FALSE,FALSE,FALSE
163,Sofia,Skopje,No direct train,,,0:00:00,,,0.00,,0.00,,0.00,,0.00,,0.00,,0.00,,0.00,,0.00,?,,,,,,N,N,,FALSE,FALSE,FALSE,FALSE,FALSE,FALSE,FALSE
164,Priština,Skopje,Bus,6:00:00,8:00:00,2:00:00,,320.00 MKD,4.24,,0.00,,0.00,,0.00,,0.00,,0.00,,0.00,,0.00,?,www.sas.com.mk,www.sas.com.mk,,,,N,N,Rule-Turs,FALSE,FALSE,FALSE,FALSE,FALSE,FALSE,FALSE
165,Priština,Skopje,Bus,8:00:00,10:00:00,2:00:00,,330.00 MKD,4.38,,0.00,,0.00,,0.00,,0.00,,0.00,,0.00,,0.00,?,www.sas.com.mk,www.sas.com.mk,,,,N,N,Bosfor-Turs,FALSE,FALSE,FALSE,FALSE,FALSE,FALSE,FALSE
166,Priština,Skopje,Bus,9:00:00,11:00:00,2:00:00,,320.00 MKD,4.24,520.00 MKD,6.90,,0.00,,0.00,,0.00,,0.00,,0.00,,0.00,?,www.sas.com.mk,www.sas.com.mk,,,,N,N,Albus-Pristana,FALSE,FALSE,FALSE,FALSE,FALSE,FALSE,FALSE
167,Priština,Skopje,Bus,9:00:00,11:30:00,2:30:00,,320.00 MKD,4.24,560.00 MKD,7.43,,0.00,,0.00,,0.00,,0.00,,0.00,,0.00,?,www.sas.com.mk,www.sas.com.mk,,,,N,N,Amalfi-Turs Pristana,FALSE,FALSE,FALSE,FALSE,FALSE,FALSE,FALSE
168,Priština,Skopje,Bus,10:10:00,12:10:00,2:00:00,,320.00 MKD,4.24,520.00 MKD,6.90,,0.00,,0.00,,0.00,,0.00,,0.00,,0.00,?,www.sas.com.mk,www.sas.com.mk,,,,N,N,Smiratran,FALSE,FALSE,FALSE,FALSE,FALSE,FALSE,FALSE
169,Priština,Skopje,Bus,11:00:00,13:00:00,2:00:00,,320.00 MKD,4.24,560.00 MKD,7.43,,0.00,,0.00,,0.00,,0.00,,0.00,,0.00,?,www.sas.com.mk,www.sas.com.mk,,,,N,N,Euro Linia-Struga,FALSE,FALSE,FALSE,FALSE,FALSE,FALSE,FALSE
170,Priština,Skopje,Bus,12:30:00,14:30:00,2:00:00,,320.00 MKD,4.24,520.00 MKD,6.90,,0.00,,0.00,,0.00,,0.00,,0.00,,0.00,?,www.sas.com.mk,www.sas.com.mk,,,,N,N,Sead-Reisen,FALSE,FALSE,FALSE,FALSE,FALSE,FALSE,FALSE
171,Priština,Skopje,Bus,13:20:00,15:20:00,2:00:00,,320.00 MKD,4.24,520.00 MKD,6.90,,0.00,,0.00,,0.00,,0.00,,0.00,,0.00,?,www.sas.com.mk,www.sas.com.mk,,,,N,N,Motoja,FALSE,FALSE,FALSE,FALSE,FALSE,FALSE,FALSE
172,Priština,Skopje,Bus,14:00:00,16:00:00,2:00:00,,320.00 MKD,4.24,,0.00,,0.00,,0.00,,0.00,,0.00,,0.00,,0.00,?,www.sas.com.mk,www.sas.com.mk,,,,N,N,Rule-Turs-PR,FALSE,FALSE,FALSE,FALSE,FALSE,FALSE,FALSE
173,Priština,Skopje,Bus,15:00:00,17:00:00,2:00:00,,320.00 MKD,4.24,520.00 MKD,6.90,,0.00,,0.00,,0.00,,0.00,,0.00,,0.00,?,www.sas.com.mk,www.sas.com.mk,,,,N,N,Albus-Pristana,FALSE,FALSE,FALSE,FALSE,FALSE,FALSE,FALSE
174,Priština,Skopje,Bus,15:30:00,17:30:00,2:00:00,,320.00 MKD,4.24,,0.00,,0.00,,0.00,,0.00,,0.00,,0.00,,0.00,?,www.sas.com.mk,www.sas.com.mk,,,,N,N,Kimmel-Doo,FALSE,FALSE,FALSE,FALSE,FALSE,FALSE,FALSE
175,Priština,Skopje,Bus,16:30:00,18:30:00,2:00:00,,320.00 MKD,4.24,560.00 MKD,7.43,,0.00,,0.00,,0.00,,0.00,,0.00,,0.00,?,www.sas.com.mk,www.sas.com.mk,,,,N,N,Amalfi-Turs Pristana,FALSE,FALSE,FALSE,FALSE,FALSE,FALSE,FALSE
176,Priština,Skopje,Bus,17:00:00,19:00:00,2:00:00,,320.00 MKD,4.24,520.00 MKD,6.90,,0.00,,0.00,,0.00,,0.00,,0.00,,0.00,?,www.sas.com.mk,www.sas.com.mk,,,,N,N,Albus-Pristana,FALSE,FALSE,FALSE,FALSE,FALSE,FALSE,FALSE
177,Priština,Skopje,Bus,17:30:00,19:30:00,2:00:00,,320.00 MKD,4.24,520.00 MKD,6.90,,0.00,,0.00,,0.00,,0.00,,0.00,,0.00,?,www.sas.com.mk,www.sas.com.mk,,,,N,N,Sead-Reisen,FALSE,FALSE,FALSE,FALSE,FALSE,FALSE,FALSE
178,Priština,Skopje,Bus,18:10:00,20:10:00,2:00:00,,320.00 MKD,4.24,520.00 MKD,6.90,,0.00,,0.00,,0.00,,0.00,,0.00,,0.00,?,www.sas.com.mk,www.sas.com.mk,,,,N,N,Albus-Pristana,FALSE,FALSE,FALSE,FALSE,FALSE,FALSE,FALSE